REQ,FUNCREQ,TSPEC,TESTREPORT
,FUNCREQ-ADDASSET,TSPEC-ADDASSET,TESTREPORT-CREATEGRAPH
,FUNCREQ-ADDASSET,TSPEC-EDITASSET,TESTREPORT-CREATEGRAPH
,FUNCREQ-CREATEGRAPH,TSPEC-CREATEGRAPH,TESTREPORT-CREATEGRAPH
,FUNCREQ-CREATEGRAPHCYCLIC,TSPEC-CREATEGRAPH,TESTREPORT-CREATEGRAPH
,FUNCREQ-CREATEGRAPHDEFPROB,TSPEC-CREATEGRAPH,TESTREPORT-CREATEGRAPH
,FUNCREQ-CREATEGRAPHEDGEPROBABILITY,TSPEC-EDITGRAPH2,TESTREPORT-CREATEGRAPH
,FUNCREQ-CREATEGRAPHEDITABLE,TSPEC-EDITGRAPH,TESTREPORT-CREATEGRAPH
,FUNCREQ-CREATEGRAPHMULTASSETS,TSPEC-CREATEGRAPH,TESTREPORT-CREATEGRAPH
,FUNCREQ-CREATEGRAPHNEDGES,TSPEC-EDITGRAPH1,TESTREPORT-CREATEGRAPH
,FUNCREQ-INTERFACEADDASSET,TSPEC-ADDASSET,TESTREPORT-CREATEGRAPH
,FUNCREQ-INTERFACECLEAR,TSPEC-CREATEGRAPH,TESTREPORT-CREATEGRAPH
,FUNCREQ-INTERFACECONNECT,TSPEC-CREATEGRAPH,TESTREPORT-CREATEGRAPH
,FUNCREQ-INTERFACELOADEXCEL,TSPEC-LOADSAVE1,
,FUNCREQ-INTERFACELOADJSON,TSPEC-EDITGRAPH1,TESTREPORT-CREATEGRAPH
,FUNCREQ-INTERFACEMOVE,TSPEC-USABILITY,
,FUNCREQ-INTERFACEREDO,TSPEC-INTERFACE,
,FUNCREQ-INTERFACESAVEEXCEL,TSPEC-EDITGRAPH2,TESTREPORT-CREATEGRAPH
,FUNCREQ-INTERFACESAVEJSON,TSPEC-EDITGRAPH,TESTREPORT-CREATEGRAPH
,FUNCREQ-INTERFACESAVEPNG,TSPEC-LOADSAVE1,
,FUNCREQ-INTERFACEUNDO,TSPEC-INTERFACE,
,FUNCREQ-INTERFACEUSERGUIDE,TSPEC-INTERFACE,
,FUNCREQ-LOADANDEDIT,TSPEC-EDITGRAPH,TESTREPORT-CREATEGRAPH
,FUNCREQ-LOADANDEDIT,TSPEC-NEGATIVE,
,FUNCREQ-LOADCLEARGRAPH,TSPEC-OPENOPEN,
,FUNCREQ-LOADRETAINSTATE,TSPEC-EDITGRAPH1,TESTREPORT-CREATEGRAPH
,FUNCREQ-LOADSAVEJSON,TSPEC-LOADSAVE,
,FUNCREQ-LOADSAVEJSONDEFNAME,TSPEC-LOADSAVE,
,FUNCREQ-LOADSAVEPATH,TSPEC-LOADSAVE,
,FUNCREQ-LOADSAVESTATE,TSPEC-LOADSAVE,
,FUNCREQ-LOADSAVEWITHTRICKID,TSPEC-LOADSAVEWITHTRICKID,
,FUNCREQ-TRICKSYNC,TSPEC-LOADSAVEWITHTRICKID,
,FUNCREQ-TRICKSYNCCOMPAREESTIMATIONS,TSPEC-TRICKSYNCCOMPAREESTIMATIONS,
,FUNCREQ-TRICKSYNCCOMPAREESTIMATIONS,TSPEC-TRICKSYNCCOMPAREESTIMATIONSCYCLIC,
,FUNCREQ-TRICKSYNCCOMPAREESTIMATIONS,TSPEC-TRICKSYNCCOMPAREESTIMATIONSNEG,
,FUNCREQ-TRICKSYNCEXPORTDEPGRAPH,TSPEC-EXPORTGRAPHONTS,
,FUNCREQ-TRICKSYNCEXPORTDEPGRAPH,TSPEC-SYNCTRICK,
,FUNCREQ-TRICKSYNCEXPORTDEPGRAPHDEFGRAPH,TSPEC-EXPORTGRAPHONTS1,
,FUNCREQ-TRICKSYNCEXPORTDEPGRAPHUNSYNC,TSPEC-NEGATIVE1,
,FUNCREQ-TRICKSYNCEXPORTPNG,TSPEC-EXPORTPNGONTS,
,FUNCREQ-TRICKSYNCEXPORTSSS,TSPEC-EXPORTSSSONTS,
,FUNCREQ-USABILITYAlignBMT,TSPEC-USABILITY,
,FUNCREQ-USABILITYAlignLRM,TSPEC-USABILITY,
,FUNCREQ-USABILITYDISTHV,TSPEC-USABILITY,
,FUNCREQ-USABILITYHISTORY,TSPEC-SAVEHISTORY,
,FUNCREQ-USABILITYMOVE,TSPEC-USABILITY,
,FUNCREQ-USABILITYSELDELASSET,TSPEC-INTERFACE,
,FUNCREQ-USABILITYSELDELEDGE,TSPEC-INTERFACE,
,FUNCREQ-USABILITYZOOM,TSPEC-USABILITY,
,,,TESTREPORT-ADDASSET
,,,TESTREPORT-EDITASSET
,,,TESTREPORT-EDITGRAPH
